{
  "(11466.999, 12522.4]": 0.7798111283529809,
  "(12522.4, 13577.8]": 0.04080933304350972,
  "(13577.8, 14633.2]": 0.04352993570260175,
  "(14633.2, 15688.6]": 0.04642236955466024,
  "(15688.6, 16744.0]": 0.028978467151921795
}
