{
  "cv_rmse": 0.7171393946486982,
  "fold_rmses": [
    0.8069656321998735,
    0.7760937378974512,
    0.6363734717995375,
    0.7107168975036404,
    0.6555472338429883
  ],
  "mean_fold_rmse": 0.7171393946486982,
  "std_fold_rmse": 0.06618511097892522
}
