{
  "cv_rmse": 0.05313124288719366,
  "fold_rmses": [
    0.0547339951501683,
    0.04892233693110513,
    0.062215500527711,
    0.0544542837664278,
    0.0453300980605561
  ],
  "mean_fold_rmse": 0.05313124288719366,
  "std_fold_rmse": 0.005751795177460062,
  "variant": "ps_point_leakage_aware",
  "eval_mask": "post_ps_only",
  "oof_rmse_recomputed": 0.0534188628793299,
  "residual_mean": 0.004651357626690346,
  "residual_std": 0.05321597301139273,
  "n_oof_points": 3836
}
