{
  "(12908.999, 13676.0]": 0.02789868299586118,
  "(13676.0, 14443.0]": 0.04633545157150005,
  "(14443.0, 15210.0]": 0.03578363281554521,
  "(15210.0, 15977.0]": 0.03797295925380532,
  "(15977.0, 16744.0]": 0.021993784051526015
}
