{
  "cv_rmse": 0.6707725245919105,
  "fold_rmses": [
    0.23830306647444968,
    0.7851730846806099,
    0.8100153908939586,
    0.7989190216027813,
    0.721452059307753
  ],
  "mean_fold_rmse": 0.6707725245919105,
  "std_fold_rmse": 0.21840139015317636
}
