{
  "cv_rmse": 0.6446580260776094,
  "fold_rmses": [
    0.6431830207097241,
    0.5879396928878584,
    0.45461055916610443,
    1.0296196007352818,
    0.5079372568890779
  ],
  "mean_fold_rmse": 0.6446580260776094,
  "std_fold_rmse": 0.2030887329866218
}
