{
  "cv_rmse": 0.6446580260776094,
  "fold_rmses": [
    0.6431830207097241,
    0.5879396928878584,
    0.45461055916610443,
    1.0296196007352818,
    0.5079372568890779
  ],
  "mean_fold_rmse": 0.6446580260776094,
  "std_fold_rmse": 0.2030887329866218,
  "variant": "robust_scale_log1p",
  "eval_mask": "full_well",
  "oof_rmse_recomputed": 0.6758345751628131,
  "residual_mean": -0.0001863648367079146,
  "residual_std": 0.6758345494672847,
  "n_oof_points": 5278
}
