{
  "(11466.999, 12522.4]": 0.814748598470842,
  "(12522.4, 13577.8]": 0.046129426220119854,
  "(13577.8, 14633.2]": 0.04884875552580648,
  "(14633.2, 15688.6]": 0.046644343580769666,
  "(15688.6, 16744.0]": 0.032705583224018286
}
