{
  "cv_rmse": 0.6707725245919105,
  "fold_rmses": [
    0.23830306647444968,
    0.7851730846806099,
    0.8100153908939586,
    0.7989190216027813,
    0.721452059307753
  ],
  "mean_fold_rmse": 0.6707725245919105,
  "std_fold_rmse": 0.21840139015317636,
  "variant": "typewell_gr_alignment",
  "eval_mask": "full_well",
  "oof_rmse_recomputed": 0.6099970519524932,
  "residual_mean": -0.003321169151741918,
  "residual_std": 0.6099880107233242,
  "n_oof_points": 5278
}
