{
  "cv_rmse": 0.7171393946486982,
  "fold_rmses": [
    0.8069656321998735,
    0.7760937378974512,
    0.6363734717995375,
    0.7107168975036404,
    0.6555472338429883
  ],
  "mean_fold_rmse": 0.7171393946486982,
  "std_fold_rmse": 0.06618511097892522,
  "oof_rmse_recomputed": 0.7202005250994693,
  "residual_mean": 0.038045636093056064,
  "residual_std": 0.7191949151153852,
  "n_oof_points": 5278
}
