{
  "(11466.999, 12522.4]": 0.9893303524186849,
  "(12522.4, 13577.8]": 0.06706818531834456,
  "(13577.8, 14633.2]": 0.053923381596718806,
  "(14633.2, 15688.6]": 0.04649693502690438,
  "(15688.6, 16744.0]": 0.04799974854571611
}
