{
  "(11466.999, 12522.4]": 0.7859696524759143,
  "(12522.4, 13577.8]": 0.04365965858470056,
  "(13577.8, 14633.2]": 0.04933938164894223,
  "(14633.2, 15688.6]": 0.045360462388407324,
  "(15688.6, 16744.0]": 0.029907992528213374
}
