{
  "cv_rmse": 0.6312817901873846,
  "fold_rmses": [
    0.5368630255260912,
    0.5935303430496408,
    0.5793187863847507,
    0.99962673666613,
    0.4470700593103111
  ],
  "mean_fold_rmse": 0.6312817901873846,
  "std_fold_rmse": 0.1911293750497334
}
