{
  "cv_rmse": 0.6129358585687535,
  "fold_rmses": [
    0.5691583081659909,
    0.5934484920167644,
    0.45921284791444356,
    1.005549225730749,
    0.43731041901581985
  ],
  "mean_fold_rmse": 0.6129358585687535,
  "std_fold_rmse": 0.20538575728198105,
  "oof_rmse_recomputed": 0.6463777638976427,
  "residual_mean": -0.002645870941091166,
  "residual_std": 0.6463723485950493,
  "n_oof_points": 5278
}
