{
  "(11466.999, 12522.4]": 0.7932451414630585,
  "(12522.4, 13577.8]": 0.05865964811317582,
  "(13577.8, 14633.2]": 0.04934626180193969,
  "(14633.2, 15688.6]": 0.05194175515238497,
  "(15688.6, 16744.0]": 0.035414077065307865
}
